-- phpMyAdmin SQL Dump
-- version 5.2.1
-- https://www.phpmyadmin.net/
--
-- Host: 127.0.0.1
-- Generation Time: Jun 07, 2023 at 05:38 AM
-- Server version: 10.4.28-MariaDB
-- PHP Version: 8.2.4

SET SQL_MODE = "NO_AUTO_VALUE_ON_ZERO";
START TRANSACTION;
SET time_zone = "+00:00";


/*!40101 SET @OLD_CHARACTER_SET_CLIENT=@@CHARACTER_SET_CLIENT */;
/*!40101 SET @OLD_CHARACTER_SET_RESULTS=@@CHARACTER_SET_RESULTS */;
/*!40101 SET @OLD_COLLATION_CONNECTION=@@COLLATION_CONNECTION */;
/*!40101 SET NAMES utf8mb4 */;

--
-- Database: `thecafe`
--

-- --------------------------------------------------------

--
-- Table structure for table `blogers`
--

CREATE TABLE `blogers` (
  `id` int(11) NOT NULL,
  `first_name` varchar(255) NOT NULL,
  `last_name` varchar(255) NOT NULL,
  `photo` text NOT NULL,
  `contact` text NOT NULL
) ENGINE=InnoDB DEFAULT CHARSET=utf8mb4 COLLATE=utf8mb4_general_ci;

--
-- Dumping data for table `blogers`
--

INSERT INTO `blogers` (`id`, `first_name`, `last_name`, `photo`, `contact`) VALUES
(1, 'Sandra', 'Dix', 'assets/images/ourteam/DIX.jpg', 'Barista'),
(2, 'Christopher', 'Campbell', 'assets/images/ourteam/CAMPBELL.jpg', 'Client Manager'),
(3, 'Michael', 'Fertig', 'assets/images/ourteam/FERTIG.jpg', 'Pastry Chef');

-- --------------------------------------------------------

--
-- Table structure for table `blogs`
--

CREATE TABLE `blogs` (
  `id` int(11) NOT NULL,
  `category` varchar(255) NOT NULL,
  `title` varchar(255) NOT NULL,
  `short` text NOT NULL,
  `full` mediumtext NOT NULL,
  `image` text NOT NULL,
  `day` varchar(255) NOT NULL,
  `month` varchar(255) NOT NULL,
  `author_id` int(11) NOT NULL
) ENGINE=InnoDB DEFAULT CHARSET=utf8mb4 COLLATE=utf8mb4_general_ci;

--
-- Dumping data for table `blogs`
--

INSERT INTO `blogs` (`id`, `category`, `title`, `short`, `full`, `image`, `day`, `month`, `author_id`) VALUES
(1, 'Ivents', 'Lorem ipsum dolor sit amet', 'At elementum eu facilisis sed odio morbi. Integer feugiat scelerisque varius morbi enim nunc faucibus. Ac tincidunt vitae semper quis lectus nulla at. Nisl rhoncus mattis rhoncus urna neque viverra.', 'At elementum eu facilisis sed odio morbi. Integer feugiat scelerisque varius morbi enim nunc faucibus. Ac tincidunt vitae semper quis lectus nulla at. Nisl rhoncus mattis rhoncus urna neque viverra. Egestas diam in arcu cursus euismod quis. Commodo viverra maecenas accumsan lacus vel. Integer quis auctor elit sed vulputate mi sit. Massa tincidunt dui ut ornare lectus sit amet est placerat. Montes nascetur ridiculus mus mauris vitae. Volutpat odio facilisis mauris sit. Nisl condimentum id venenatis a. Vestibulum rhoncus est pellentesque elit ullamcorper dignissim cras tincidunt. Orci sagittis eu volutpat odio. Feugiat pretium nibh ipsum consequat nisl vel.\r\n\r\nFermentum posuere urna nec tincidunt praesent semper feugiat nibh sed. Blandit volutpat maecenas volutpat blandit aliquam. Dui accumsan sit amet nulla facilisi morbi tempus iaculis. In aliquam sem fringilla ut morbi tincidunt augue interdum. Risus nec feugiat in fermentum posuere. Egestas diam in arcu cursus euismod quis. Arcu ac tortor dignissim convallis aenean et tortor at risus. Ipsum a arcu cursus vitae congue mauris rhoncus. Quis enim lobortis scelerisque fermentum dui faucibus in ornare quam. Lobortis scelerisque fermentum dui faucibus in. Quis lectus nulla at volutpat diam ut venenatis tellus in. Interdum consectetur libero id faucibus nisl tincidunt. Eget mauris pharetra et ultrices neque ornare aenean. Felis imperdiet proin fermentum leo vel orci porta non. Nec nam aliquam sem et tortor consequat. Purus semper eget duis at tellus at urna condimentum mattis. Vulputate mi sit amet mauris commodo quis. Cras ornare arcu dui vivamus arcu felis bibendum ut.', '1.jpg', '28', 'May', 1),
(2, 'News', 'Montes nascetur ridiculus', 'Egestas diam in arcu cursus euismod quis. Arcu ac tortor dignissim convallis aenean et tortor at risus. Ipsum a arcu cursus vitae congue mauris rhoncus. Quis enim lobortis scelerisque fermentum dui faucibus in ornare quam. Lobortis scelerisque fermentum dui faucibus in.', 'Molestie nunc non blandit massa enim nec. Ac turpis egestas sed tempus urna. Pellentesque massa placerat duis ultricies lacus. Sed risus pretium quam vulputate dignissim suspendisse in est. Sit amet consectetur adipiscing elit ut aliquam purus sit. Adipiscing tristique risus nec feugiat in fermentum posuere urna. In nisl nisi scelerisque eu ultrices vitae auctor eu augue. Tincidunt id aliquet risus feugiat in. Justo eget magna fermentum iaculis eu non. Id nibh tortor id aliquet lectus proin nibh nisl. Faucibus et molestie ac feugiat sed lectus. Maecenas volutpat blandit aliquam etiam erat. Facilisis mauris sit amet massa vitae tortor. Pulvinar pellentesque habitant morbi tristique senectus et. Scelerisque varius morbi enim nunc faucibus a pellentesque. Mauris commodo quis imperdiet massa tincidunt nunc. Tortor pretium viverra suspendisse potenti nullam ac tortor. Egestas congue quisque egestas diam in arcu cursus euismod. Sed adipiscing diam donec adipiscing.\r\n\r\nMattis molestie a iaculis at. Pellentesque elit eget gravida cum sociis. Lacus luctus accumsan tortor posuere ac. Vitae tortor condimentum lacinia quis vel eros donec ac. Morbi leo urna molestie at elementum. Eu nisl nunc mi ipsum faucibus. Lorem ipsum dolor sit amet consectetur. Orci sagittis eu volutpat odio. Id diam vel quam elementum. Odio tempor orci dapibus ultrices in iaculis. Consectetur lorem donec massa sapien faucibus. Egestas sed sed risus pretium. Tincidunt vitae semper quis lectus nulla at volutpat diam. Eu consequat ac felis donec et odio pellentesque.', '2.jpg', '26', 'May', 2),
(3, 'Events', 'Morbi non arcu risus quis. Enim facilisis gravida neque convallis', 'Diam vel quam elementum pulvinar. Sit amet porttitor eget dolor. Lorem mollis aliquam ut porttitor leo a diam sollicitudin tempor. Urna id volutpat lacus laoreet non curabitur gravida arcu. Molestie ac feugiat sed lectus vestibulum mattis ullamcorper velit. Sit amet est placerat in egestas erat imperdiet sed euismod. Nec dui nunc mattis enim ut. Dui id ornare arcu odio ut sem nulla. Et netus et malesuada fames. Euismod lacinia at quis risus. Hendrerit dolor magna eget est lorem ipsum. Metus dictum at tempor commodo ullamcorper a lacus.', 'Lorem ipsum dolor sit amet, consectetur adipiscing elit, sed do eiusmod tempor incididunt ut labore et dolore magna aliqua. Arcu odio ut sem nulla pharetra diam sit amet nisl. Volutpat sed cras ornare arcu dui. Gravida rutrum quisque non tellus orci ac auctor augue. Nec nam aliquam sem et tortor consequat id porta. Viverra tellus in hac habitasse platea dictumst. Tincidunt praesent semper feugiat nibh sed pulvinar proin. Sit amet justo donec enim diam vulputate ut pharetra sit. Tincidunt vitae semper quis lectus. Porta nibh venenatis cras sed felis eget velit aliquet.\r\n\r\nMassa massa ultricies mi quis hendrerit dolor magna. Velit ut tortor pretium viverra suspendisse potenti. Enim facilisis gravida neque convallis a cras. Quam quisque id diam vel quam elementum. Ultrices tincidunt arcu non sodales neque sodales ut. Ipsum nunc aliquet bibendum enim facilisis gravida neque convallis a. Est ante in nibh mauris cursus mattis molestie a. Ipsum consequat nisl vel pretium lectus quam. Eu sem integer vitae justo eget magna fermentum. Id porta nibh venenatis cras sed. Nulla pellentesque dignissim enim sit amet. Scelerisque purus semper eget duis at tellus at urna condimentum. Id diam vel quam elementum pulvinar etiam non. Fames ac turpis egestas sed. Condimentum mattis pellentesque id nibh tortor id. Risus viverra adipiscing at in tellus integer. Accumsan in nisl nisi scelerisque eu ultrices vitae auctor. Enim blandit volutpat maecenas volutpat. Gravida arcu ac tortor dignissim convallis.\r\n\r\nVenenatis a condimentum vitae sapien pellentesque habitant. Suspendisse ultrices gravida dictum fusce ut placerat orci. Mauris ultrices eros in cursus turpis massa tincidunt. Non consectetur a erat nam at lectus. Malesuada proin libero nunc consequat interdum varius sit amet mattis. Metus vulputate eu scelerisque felis imperdiet proin fermentum leo vel. Praesent tristique magna sit amet purus gravida quis blandit turpis. Etiam non quam lacus suspendisse faucibus interdum. Penatibus et magnis dis parturient montes nascetur ridiculus mus. Urna molestie at elementum eu. Id neque aliquam vestibulum morbi blandit. Facilisi cras fermentum odio eu feugiat.\r\n\r\nMorbi non arcu risus quis. Enim facilisis gravida neque convallis. At in tellus integer feugiat scelerisque. Donec massa sapien faucibus et. Consequat nisl vel pretium lectus quam id leo. Fames ac turpis egestas sed tempus urna et pharetra. Eu consequat ac felis donec et odio pellentesque diam volutpat. Hac habitasse platea dictumst vestibulum. Fringilla phasellus faucibus scelerisque eleifend donec pretium vulputate. Vestibulum lectus mauris ultrices eros in cursus. Eget dolor morbi non arcu risus.\r\n\r\nDiam vel quam elementum pulvinar. Sit amet porttitor eget dolor. Lorem mollis aliquam ut porttitor leo a diam sollicitudin tempor. Urna id volutpat lacus laoreet non curabitur gravida arcu. Molestie ac feugiat sed lectus vestibulum mattis ullamcorper velit. Sit amet est placerat in egestas erat imperdiet sed euismod. Nec dui nunc mattis enim ut. Dui id ornare arcu odio ut sem nulla. Et netus et malesuada fames. Euismod lacinia at quis risus. Hendrerit dolor magna eget est lorem ipsum. Metus dictum at tempor commodo ullamcorper a lacus.', '3.jpg', '21', 'May', 3),
(4, 'Expo', 'Lorem ipsum dolor sit amet', 'Lorem ipsum dolor sit amet, consectetur adipiscing elit, sed do eiusmod tempor incididunt ut labore et dolore magna aliqua. In cursus turpis massa tincidunt dui ut. Sed faucibus turpis in eu mi bibendum. Fusce id velit ut tortor pretium. Tempus egestas sed sed risus. Suspendisse interdum consectetur libero id faucibus nisl. Amet est placerat in egestas erat imperdiet sed euismod nisi. Quam adipiscing vitae proin sagittis.', 'Lorem ipsum dolor sit amet, consectetur adipiscing elit, sed do eiusmod tempor incididunt ut labore et dolore magna aliqua. In cursus turpis massa tincidunt dui ut. Sed faucibus turpis in eu mi bibendum. Fusce id velit ut tortor pretium. Tempus egestas sed sed risus. Suspendisse interdum consectetur libero id faucibus nisl. Amet est placerat in egestas erat imperdiet sed euismod nisi. Quam adipiscing vitae proin sagittis. Ultrices gravida dictum fusce ut placerat orci nulla pellentesque dignissim. Nulla at volutpat diam ut venenatis. Velit laoreet id donec ultrices tincidunt arcu. Nisl nunc mi ipsum faucibus vitae. Purus semper eget duis at tellus at. Ornare lectus sit amet est placerat in. Quis lectus nulla at volutpat diam. Malesuada fames ac turpis egestas maecenas pharetra convallis. Magnis dis parturient montes nascetur ridiculus mus mauris vitae ultricies.\r\n\r\nVolutpat commodo sed egestas egestas fringilla phasellus faucibus scelerisque eleifend. Porttitor eget dolor morbi non arcu risus quis varius. Elit at imperdiet dui accumsan sit amet. Justo donec enim diam vulputate ut pharetra sit. Luctus venenatis lectus magna fringilla. Tempor orci eu lobortis elementum nibh tellus. Libero justo laoreet sit amet cursus sit amet dictum sit. Nibh sit amet commodo nulla facilisi nullam vehicula. Cursus sit amet dictum sit amet. Porttitor rhoncus dolor purus non enim praesent elementum. Posuere sollicitudin aliquam ultrices sagittis orci a scelerisque. Risus nullam eget felis eget. Consequat id porta nibh venenatis. Tortor at auctor urna nunc id cursus metus. Facilisis leo vel fringilla est ullamcorper eget nulla facilisi etiam.\r\n\r\nTempus egestas sed sed risus pretium quam vulputate dignissim suspendisse. Neque laoreet suspendisse interdum consectetur libero id faucibus nisl. Faucibus nisl tincidunt eget nullam non nisi est. Pretium vulputate sapien nec sagittis aliquam. Vitae nunc sed velit dignissim sodales ut. Auctor urna nunc id cursus metus aliquam eleifend mi. Odio aenean sed adipiscing diam donec adipiscing tristique. Sit amet venenatis urna cursus eget nunc scelerisque viverra. Egestas dui id ornare arcu odio ut sem nulla. Velit dignissim sodales ut eu sem integer. Ullamcorper dignissim cras tincidunt lobortis feugiat. Porttitor massa id neque aliquam vestibulum morbi blandit. Ullamcorper velit sed ullamcorper morbi tincidunt ornare. Neque laoreet suspendisse interdum consectetur libero id faucibus nisl. Faucibus scelerisque eleifend donec pretium vulputate sapien nec sagittis. Magna eget est lorem ipsum dolor sit. Eget dolor morbi non arcu. Et netus et malesuada fames ac turpis egestas maecenas.\r\n\r\nLorem dolor sed viverra ipsum nunc aliquet. Nisi est sit amet facilisis magna etiam. Hac habitasse platea dictumst vestibulum rhoncus est pellentesque. Dignissim convallis aenean et tortor at risus viverra adipiscing at. Penatibus et magnis dis parturient montes nascetur ridiculus. Diam in arcu cursus euismod. Rhoncus dolor purus non enim. Mi sit amet mauris commodo quis imperdiet massa tincidunt. Blandit massa enim nec dui. Faucibus pulvinar elementum integer enim neque volutpat ac. Urna condimentum mattis pellentesque id nibh.', '4.jpg', '18', 'May', 1),
(5, 'Expo', 'Quis eleifend quam adipiscing vitae proin', 'Lorem ipsum dolor sit amet, consectetur adipiscing elit, sed do eiusmod tempor incididunt ut labore et dolore magna aliqua. Quis eleifend quam adipiscing vitae proin. Dictum non consectetur a erat nam at. Nunc non blandit massa enim nec. Amet est placerat in egestas. Cursus eget nunc scelerisque viverra mauris in aliquam. Gravida cum sociis natoque penatibus et. Enim facilisis gravida neque convallis a cras semper auctor. Eros donec ac odio tempor orci. Netus et malesuada fames ac.', 'Lorem ipsum dolor sit amet, consectetur adipiscing elit, sed do eiusmod tempor incididunt ut labore et dolore magna aliqua. Quis eleifend quam adipiscing vitae proin. Dictum non consectetur a erat nam at. Nunc non blandit massa enim nec. Amet est placerat in egestas. Cursus eget nunc scelerisque viverra mauris in aliquam. Gravida cum sociis natoque penatibus et. Enim facilisis gravida neque convallis a cras semper auctor. Eros donec ac odio tempor orci. Netus et malesuada fames ac.\r\n\r\nEuismod nisi porta lorem mollis aliquam. Ut pharetra sit amet aliquam id diam. At ultrices mi tempus imperdiet nulla malesuada pellentesque elit. A scelerisque purus semper eget duis at tellus. Consequat semper viverra nam libero. At imperdiet dui accumsan sit amet. Donec ac odio tempor orci dapibus ultrices in. Viverra nam libero justo laoreet sit amet cursus sit. Diam in arcu cursus euismod quis viverra. Aliquet enim tortor at auctor. Platea dictumst quisque sagittis purus sit amet volutpat consequat. Amet est placerat in egestas erat imperdiet.\r\n\r\nFames ac turpis egestas sed tempus urna et. Hac habitasse platea dictumst vestibulum rhoncus. Commodo ullamcorper a lacus vestibulum sed arcu non odio. Bibendum arcu vitae elementum curabitur vitae nunc. Amet consectetur adipiscing elit pellentesque habitant morbi tristique senectus. Suspendisse faucibus interdum posuere lorem ipsum dolor sit amet consectetur. Maecenas pharetra convallis posuere morbi leo urna molestie at elementum. In vitae turpis massa sed elementum tempus egestas. Malesuada fames ac turpis egestas. Tempus imperdiet nulla malesuada pellentesque elit. Ac orci phasellus egestas tellus rutrum. Ut sem viverra aliquet eget sit amet tellus cras adipiscing. Magna ac placerat vestibulum lectus. Pretium vulputate sapien nec sagittis aliquam malesuada bibendum arcu. Metus vulputate eu scelerisque felis imperdiet proin fermentum leo vel. Posuere sollicitudin aliquam ultrices sagittis orci a scelerisque purus semper. In hendrerit gravida rutrum quisque non tellus.', '5.jpg', '15', 'May', 2),
(6, 'Expo', 'Bibendum arcu vitae elementum curabitur vitae', 'Amet porttitor eget dolor morbi non arcu. Egestas dui id ornare arcu odio ut. Rhoncus dolor purus non enim. Felis donec et odio pellentesque. Porttitor lacus luctus accumsan tortor posuere ac. Bibendum arcu vitae elementum curabitur vitae. Aenean pharetra magna ac placerat vestibulum lectus mauris. Ut placerat orci nulla pellentesque dignissim enim sit.', 'Lorem ipsum dolor sit amet, consectetur adipiscing elit, sed do eiusmod tempor incididunt ut labore et dolore magna aliqua. Nibh tellus molestie nunc non blandit massa enim nec dui. Amet porttitor eget dolor morbi non arcu. Egestas dui id ornare arcu odio ut. Rhoncus dolor purus non enim. Felis donec et odio pellentesque. Porttitor lacus luctus accumsan tortor posuere ac. Bibendum arcu vitae elementum curabitur vitae. Aenean pharetra magna ac placerat vestibulum lectus mauris. Ut placerat orci nulla pellentesque dignissim enim sit.\r\n\r\nPlatea dictumst quisque sagittis purus sit amet volutpat consequat. Integer feugiat scelerisque varius morbi enim nunc faucibus a. Rhoncus aenean vel elit scelerisque mauris. Pharetra vel turpis nunc eget lorem dolor. Lacus vel facilisis volutpat est. Ut tristique et egestas quis ipsum. Commodo viverra maecenas accumsan lacus vel facilisis volutpat est. Vestibulum mattis ullamcorper velit sed. Augue mauris augue neque gravida in fermentum et. Pharetra sit amet aliquam id diam maecenas ultricies. Metus vulputate eu scelerisque felis imperdiet proin fermentum. Pulvinar neque laoreet suspendisse interdum. Est ullamcorper eget nulla facilisi etiam dignissim diam quis enim. Aliquet nibh praesent tristique magna sit amet purus gravida.', '6.jpg', '14', 'May', 3);

-- --------------------------------------------------------

--
-- Table structure for table `foodblogs`
--

CREATE TABLE `foodblogs` (
  `id` int(11) NOT NULL,
  `category` varchar(255) NOT NULL,
  `title` varchar(255) NOT NULL,
  `shortblog` text NOT NULL,
  `fullblog` text NOT NULL,
  `authorid` int(11) NOT NULL,
  `blogday` varchar(255) NOT NULL,
  `blogmonth` varchar(255) NOT NULL,
  `blogimage` text NOT NULL
) ENGINE=InnoDB DEFAULT CHARSET=utf8mb4 COLLATE=utf8mb4_general_ci;

--
-- Dumping data for table `foodblogs`
--

INSERT INTO `foodblogs` (`id`, `category`, `title`, `shortblog`, `fullblog`, `authorid`, `blogday`, `blogmonth`, `blogimage`) VALUES
(1, 'Events', 'Lorem ipsum dolor sit amet', 'At elementum eu facilisis sed odio morbi. Integer feugiat scelerisque varius morbi enim nunc faucibus. Ac tincidunt vitae semper quis lectus nulla at. Nisl rhoncus mattis rhoncus urna neque viverra.', 'At elementum eu facilisis sed odio morbi. Integer feugiat scelerisque varius morbi enim nunc faucibus. Ac tincidunt vitae semper quis lectus nulla at. Nisl rhoncus mattis rhoncus urna neque viverra. Egestas diam in arcu cursus euismod quis. Commodo viverra maecenas accumsan lacus vel. Integer quis auctor elit sed vulputate mi sit. Massa tincidunt dui ut ornare lectus sit amet est placerat. Montes nascetur ridiculus mus mauris vitae. Volutpat odio facilisis mauris sit. Nisl condimentum id venenatis a. Vestibulum rhoncus est pellentesque elit ullamcorper dignissim cras tincidunt. Orci sagittis eu volutpat odio. Feugiat pretium nibh ipsum consequat nisl vel.  Fermentum posuere urna nec tincidunt praesent semper feugiat nibh sed. Blandit volutpat maecenas volutpat blandit aliquam. Dui accumsan sit amet nulla facilisi morbi tempus iaculis. In aliquam sem fringilla ut morbi tincidunt augue interdum. Risus nec feugiat in fermentum posuere. Egestas diam in arcu cursus euismod quis. Arcu ac tortor dignissim convallis aenean et tortor at risus. Ipsum a arcu cursus vitae congue mauris rhoncus. Quis enim lobortis scelerisque fermentum dui faucibus in ornare quam. Lobortis scelerisque fermentum dui faucibus in. Quis lectus nulla at volutpat diam ut venenatis tellus in. Interdum consectetur libero id faucibus nisl tincidunt. Eget mauris pharetra et ultrices neque ornare aenean. Felis imperdiet proin fermentum leo vel orci porta non. Nec nam aliquam sem et tortor consequat. Purus semper eget duis at tellus at urna condimentum mattis. Vulputate mi sit amet mauris commodo quis. Cras ornare arcu dui vivamus arcu felis bibendum ut.', 1, '28', 'May', '../images/blogs/882373_1685953412_1.jpg'),
(2, 'News', 'Montes nascetur ridiculus', 'Egestas diam in arcu cursus euismod quis. Arcu ac tortor dignissim convallis aenean et tortor at risus. Ipsum a arcu cursus vitae congue mauris rhoncus. Quis enim lobortis scelerisque fermentum dui faucibus in ornare quam. Lobortis scelerisque fermentum dui faucibus in.', 'Molestie nunc non blandit massa enim nec. Ac turpis egestas sed tempus urna. Pellentesque massa placerat duis ultricies lacus. Sed risus pretium quam vulputate dignissim suspendisse in est. Sit amet consectetur adipiscing elit ut aliquam purus sit. Adipiscing tristique risus nec feugiat in fermentum posuere urna. In nisl nisi scelerisque eu ultrices vitae auctor eu augue. Tincidunt id aliquet risus feugiat in. Justo eget magna fermentum iaculis eu non. Id nibh tortor id aliquet lectus proin nibh nisl. Faucibus et molestie ac feugiat sed lectus. Maecenas volutpat blandit aliquam etiam erat. Facilisis mauris sit amet massa vitae tortor. Pulvinar pellentesque habitant morbi tristique senectus et. Scelerisque varius morbi enim nunc faucibus a pellentesque. Mauris commodo quis imperdiet massa tincidunt nunc. Tortor pretium viverra suspendisse potenti nullam ac tortor. Egestas congue quisque egestas diam in arcu cursus euismod. Sed adipiscing diam donec adipiscing.  Mattis molestie a iaculis at. Pellentesque elit eget gravida cum sociis. Lacus luctus accumsan tortor posuere ac. Vitae tortor condimentum lacinia quis vel eros donec ac. Morbi leo urna molestie at elementum. Eu nisl nunc mi ipsum faucibus. Lorem ipsum dolor sit amet consectetur. Orci sagittis eu volutpat odio. Id diam vel quam elementum. Odio tempor orci dapibus ultrices in iaculis. Consectetur lorem donec massa sapien faucibus. Egestas sed sed risus pretium. Tincidunt vitae semper quis lectus nulla at volutpat diam. Eu consequat ac felis donec et odio pellentesque.', 2, '26', 'May', '../images/blogs/2520958_1685953481_2.jpg'),
(3, 'Events', 'Morbi non arcu risus quis. Enim facilisis gravida neque convallis', 'Diam vel quam elementum pulvinar. Sit amet porttitor eget dolor. Lorem mollis aliquam ut porttitor leo a diam sollicitudin tempor. Urna id volutpat lacus laoreet non curabitur gravida arcu. Molestie ac feugiat sed lectus vestibulum mattis ullamcorper velit. Sit amet est placerat in egestas erat imperdiet sed euismod. Nec dui nunc mattis enim ut. Dui id ornare arcu odio ut sem nulla. Et netus et malesuada fames. Euismod lacinia at quis risus. Hendrerit dolor magna eget est lorem ipsum. Metus dictum at tempor commodo ullamcorper a lacus.', 'Lorem ipsum dolor sit amet, consectetur adipiscing elit, sed do eiusmod tempor incididunt ut labore et dolore magna aliqua. Arcu odio ut sem nulla pharetra diam sit amet nisl. Volutpat sed cras ornare arcu dui. Gravida rutrum quisque non tellus orci ac auctor augue. Nec nam aliquam sem et tortor consequat id porta. Viverra tellus in hac habitasse platea dictumst. Tincidunt praesent semper feugiat nibh sed pulvinar proin. Sit amet justo donec enim diam vulputate ut pharetra sit. Tincidunt vitae semper quis lectus. Porta nibh venenatis cras sed felis eget velit aliquet.  Massa massa ultricies mi quis hendrerit dolor magna. Velit ut tortor pretium viverra suspendisse potenti. Enim facilisis gravida neque convallis a cras. Quam quisque id diam vel quam elementum. Ultrices tincidunt arcu non sodales neque sodales ut. Ipsum nunc aliquet bibendum enim facilisis gravida neque convallis a. Est ante in nibh mauris cursus mattis molestie a. Ipsum consequat nisl vel pretium lectus quam. Eu sem integer vitae justo eget magna fermentum. Id porta nibh venenatis cras sed. Nulla pellentesque dignissim enim sit amet. Scelerisque purus semper eget duis at tellus at urna condimentum. Id diam vel quam elementum pulvinar etiam non. Fames ac turpis egestas sed. Condimentum mattis pellentesque id nibh tortor id. Risus viverra adipiscing at in tellus integer. Accumsan in nisl nisi scelerisque eu ultrices vitae auctor. Enim blandit volutpat maecenas volutpat. Gravida arcu ac tortor dignissim convallis.  Venenatis a condimentum vitae sapien pellentesque habitant. Suspendisse ultrices gravida dictum fusce ut placerat orci. Mauris ultrices eros in cursus turpis massa tincidunt. Non consectetur a erat nam at lectus. Malesuada proin libero nunc consequat interdum varius sit amet mattis. Metus vulputate eu scelerisque felis imperdiet proin fermentum leo vel. Praesent tristique magna sit amet purus gravida quis blandit turpis. Etiam non quam lacus suspendisse faucibus interdum. Penatibus et magnis dis parturient montes nascetur ridiculus mus. Urna molestie at elementum eu. Id neque aliquam vestibulum morbi blandit. Facilisi cras fermentum odio eu feugiat.  Morbi non arcu risus quis. Enim facilisis gravida neque convallis. At in tellus integer feugiat scelerisque. Donec massa sapien faucibus et. Consequat nisl vel pretium lectus quam id leo. Fames ac turpis egestas sed tempus urna et pharetra. Eu consequat ac felis donec et odio pellentesque diam volutpat. Hac habitasse platea dictumst vestibulum. Fringilla phasellus faucibus scelerisque eleifend donec pretium vulputate. Vestibulum lectus mauris ultrices eros in cursus. Eget dolor morbi non arcu risus.  Diam vel quam elementum pulvinar. Sit amet porttitor eget dolor. Lorem mollis aliquam ut porttitor leo a diam sollicitudin tempor. Urna id volutpat lacus laoreet non curabitur gravida arcu. Molestie ac feugiat sed lectus vestibulum mattis ullamcorper velit. Sit amet est placerat in egestas erat imperdiet sed euismod. Nec dui nunc mattis enim ut. Dui id ornare arcu odio ut sem nulla. Et netus et malesuada fames. Euismod lacinia at quis risus. Hendrerit dolor magna eget est lorem ipsum. Metus dictum at tempor commodo ullamcorper a lacus.', 3, '21', 'May', '../images/blogs/23272_1685953561_3.jpg'),
(4, 'Expo', 'Lorem ipsum dolor sit amet', 'Lorem ipsum dolor sit amet, consectetur adipiscing elit, sed do eiusmod tempor incididunt ut labore et dolore magna aliqua. In cursus turpis massa tincidunt dui ut. Sed faucibus turpis in eu mi bibendum. Fusce id velit ut tortor pretium. Tempus egestas sed sed risus. Suspendisse interdum consectetur libero id faucibus nisl. Amet est placerat in egestas erat imperdiet sed euismod nisi. Quam adipiscing vitae proin sagittis.', 'Lorem ipsum dolor sit amet, consectetur adipiscing elit, sed do eiusmod tempor incididunt ut labore et dolore magna aliqua. In cursus turpis massa tincidunt dui ut. Sed faucibus turpis in eu mi bibendum. Fusce id velit ut tortor pretium. Tempus egestas sed sed risus. Suspendisse interdum consectetur libero id faucibus nisl. Amet est placerat in egestas erat imperdiet sed euismod nisi. Quam adipiscing vitae proin sagittis. Ultrices gravida dictum fusce ut placerat orci nulla pellentesque dignissim. Nulla at volutpat diam ut venenatis. Velit laoreet id donec ultrices tincidunt arcu. Nisl nunc mi ipsum faucibus vitae. Purus semper eget duis at tellus at. Ornare lectus sit amet est placerat in. Quis lectus nulla at volutpat diam. Malesuada fames ac turpis egestas maecenas pharetra convallis. Magnis dis parturient montes nascetur ridiculus mus mauris vitae ultricies.\r\n\r\nVolutpat commodo sed egestas egestas fringilla phasellus faucibus scelerisque eleifend. Porttitor eget dolor morbi non arcu risus quis varius. Elit at imperdiet dui accumsan sit amet. Justo donec enim diam vulputate ut pharetra sit. Luctus venenatis lectus magna fringilla. Tempor orci eu lobortis elementum nibh tellus. Libero justo laoreet sit amet cursus sit amet dictum sit. Nibh sit amet commodo nulla facilisi nullam vehicula. Cursus sit amet dictum sit amet. Porttitor rhoncus dolor purus non enim praesent elementum. Posuere sollicitudin aliquam ultrices sagittis orci a scelerisque. Risus nullam eget felis eget. Consequat id porta nibh venenatis. Tortor at auctor urna nunc id cursus metus. Facilisis leo vel fringilla est ullamcorper eget nulla facilisi etiam.\r\n\r\nTempus egestas sed sed risus pretium quam vulputate dignissim suspendisse. Neque laoreet suspendisse interdum consectetur libero id faucibus nisl. Faucibus nisl tincidunt eget nullam non nisi est. Pretium vulputate sapien nec sagittis aliquam. Vitae nunc sed velit dignissim sodales ut. Auctor urna nunc id cursus metus aliquam eleifend mi. Odio aenean sed adipiscing diam donec adipiscing tristique. Sit amet venenatis urna cursus eget nunc scelerisque viverra. Egestas dui id ornare arcu odio ut sem nulla. Velit dignissim sodales ut eu sem integer. Ullamcorper dignissim cras tincidunt lobortis feugiat. Porttitor massa id neque aliquam vestibulum morbi blandit. Ullamcorper velit sed ullamcorper morbi tincidunt ornare. Neque laoreet suspendisse interdum consectetur libero id faucibus nisl. Faucibus scelerisque eleifend donec pretium vulputate sapien nec sagittis. Magna eget est lorem ipsum dolor sit. Eget dolor morbi non arcu. Et netus et malesuada fames ac turpis egestas maecenas.\r\n\r\nLorem dolor sed viverra ipsum nunc aliquet. Nisi est sit amet facilisis magna etiam. Hac habitasse platea dictumst vestibulum rhoncus est pellentesque. Dignissim convallis aenean et tortor at risus viverra adipiscing at. Penatibus et magnis dis parturient montes nascetur ridiculus. Diam in arcu cursus euismod. Rhoncus dolor purus non enim. Mi sit amet mauris commodo quis imperdiet massa tincidunt. Blandit massa enim nec dui. Faucibus pulvinar elementum integer enim neque volutpat ac. Urna condimentum mattis pellentesque.', 1, '18', 'May', '../images/blogs/769415_1685977450_4.jpg'),
(5, 'Expo', 'Quis eleifend quam adipiscing vitae proin', 'Lorem ipsum dolor sit amet, consectetur adipiscing elit, sed do eiusmod tempor incididunt ut labore et dolore magna aliqua. Quis eleifend quam adipiscing vitae proin. Dictum non consectetur a erat nam at. Nunc non blandit massa enim nec. Amet est placerat in egestas. Cursus eget nunc scelerisque viverra mauris in aliquam. Gravida cum sociis natoque penatibus et. Enim facilisis gravida neque convallis a cras semper auctor. Eros donec ac odio tempor orci. Netus et malesuada fames ac.', 'Lorem ipsum dolor sit amet, consectetur adipiscing elit, sed do eiusmod tempor incididunt ut labore et dolore magna aliqua. Quis eleifend quam adipiscing vitae proin. Dictum non consectetur a erat nam at. Nunc non blandit massa enim nec. Amet est placerat in egestas. Cursus eget nunc scelerisque viverra mauris in aliquam. Gravida cum sociis natoque penatibus et. Enim facilisis gravida neque convallis a cras semper auctor. Eros donec ac odio tempor orci. Netus et malesuada fames ac.\r\n\r\nEuismod nisi porta lorem mollis aliquam. Ut pharetra sit amet aliquam id diam. At ultrices mi tempus imperdiet nulla malesuada pellentesque elit. A scelerisque purus semper eget duis at tellus. Consequat semper viverra nam libero. At imperdiet dui accumsan sit amet. Donec ac odio tempor orci dapibus ultrices in. Viverra nam libero justo laoreet sit amet cursus sit. Diam in arcu cursus euismod quis viverra. Aliquet enim tortor at auctor. Platea dictumst quisque sagittis purus sit amet volutpat consequat. Amet est placerat in egestas erat imperdiet.\r\n\r\nFames ac turpis egestas sed tempus urna et. Hac habitasse platea dictumst vestibulum rhoncus. Commodo ullamcorper a lacus vestibulum sed arcu non odio. Bibendum arcu vitae elementum curabitur vitae nunc. Amet consectetur adipiscing elit pellentesque habitant morbi tristique senectus. Suspendisse faucibus interdum posuere lorem ipsum dolor sit amet consectetur. Maecenas pharetra convallis posuere morbi leo urna molestie at elementum. In vitae turpis massa sed elementum tempus egestas. Malesuada fames ac turpis egestas. Tempus imperdiet nulla malesuada pellentesque elit. Ac orci phasellus egestas tellus rutrum. Ut sem viverra aliquet eget sit amet tellus cras adipiscing. Magna ac placerat vestibulum lectus. Pretium vulputate sapien nec sagittis aliquam malesuada bibendum arcu. Metus vulputate eu scelerisque felis imperdiet proin fermentum leo vel. Posuere sollicitudin aliquam ultrices sagittis orci a scelerisque purus semper. In hendrerit gravida rutrum quisque non tellus.', 2, '15', 'May', '../images/blogs/305398_1685977620_5.jpg'),
(6, 'Expo', 'Bibendum arcu vitae elementum curabitur vitae', 'Amet porttitor eget dolor morbi non arcu. Egestas dui id ornare arcu odio ut. Rhoncus dolor purus non enim. Felis donec et odio pellentesque. Porttitor lacus luctus accumsan tortor posuere ac. Bibendum arcu vitae elementum curabitur vitae. Aenean pharetra magna ac placerat vestibulum lectus mauris. Ut placerat orci nulla pellentesque dignissim enim sit.', 'Lorem ipsum dolor sit amet, consectetur adipiscing elit, sed do eiusmod tempor incididunt ut labore et dolore magna aliqua. Nibh tellus molestie nunc non blandit massa enim nec dui. Amet porttitor eget dolor morbi non arcu. Egestas dui id ornare arcu odio ut. Rhoncus dolor purus non enim. Felis donec et odio pellentesque. Porttitor lacus luctus accumsan tortor posuere ac. Bibendum arcu vitae elementum curabitur vitae. Aenean pharetra magna ac placerat vestibulum lectus mauris. Ut placerat orci nulla pellentesque dignissim enim sit.\r\n\r\nPlatea dictumst quisque sagittis purus sit amet volutpat consequat. Integer feugiat scelerisque varius morbi enim nunc faucibus a. Rhoncus aenean vel elit scelerisque mauris. Pharetra vel turpis nunc eget lorem dolor. Lacus vel facilisis volutpat est. Ut tristique et egestas quis ipsum. Commodo viverra maecenas accumsan lacus vel facilisis volutpat est. Vestibulum mattis ullamcorper velit sed. Augue mauris augue neque gravida in fermentum et. Pharetra sit amet aliquam id diam maecenas ultricies. Metus vulputate eu scelerisque felis imperdiet proin fermentum. Pulvinar neque laoreet suspendisse interdum. Est ullamcorper eget nulla facilisi etiam dignissim diam quis enim. Aliquet nibh praesent tristique magna sit amet purus gravida.', 3, '14', 'May', '../images/blogs/951548_1685977827_6.jpg'),
(7, 'Food', 'Nullam dictum felis eu pede mollis pretium', 'Nullam dictum felis eu pede mollis pretium. Integer tincidunt. Cras dapibus. Vivamus elementum semper nisi. Aenean vulputate eleifend tellus. Aenean leo ligula, porttitor eu, consequat vitae, eleifend ac, enim. Aliquam lorem ante, dapibus in, viverra quis, feugiat a, tellus. Phasellus viverra nulla ut metus varius laoreet. Quisque rutrum. Aenean imperdiet. Etiam ultricies nisi vel augue. Curabitur ullamcorper ultricies nisi. Nam eget dui.', 'Lorem ipsum dolor sit amet, consectetuer adipiscing elit. Aenean commodo ligula eget dolor. Aenean massa. Cum sociis natoque penatibus et magnis dis parturient montes, nascetur ridiculus mus. Donec quam felis, ultricies nec, pellentesque eu, pretium quis, sem. Nulla consequat massa quis enim. Donec pede justo, fringilla vel, aliquet nec, vulputate eget, arcu. In enim justo, rhoncus ut, imperdiet a, venenatis vitae, justo.\r\n\r\nNullam dictum felis eu pede mollis pretium. Integer tincidunt. Cras dapibus. Vivamus elementum semper nisi. Aenean vulputate eleifend tellus. Aenean leo ligula, porttitor eu, consequat vitae, eleifend ac, enim. Aliquam lorem ante, dapibus in, viverra quis, feugiat a, tellus. Phasellus viverra nulla ut metus varius laoreet. Quisque rutrum. Aenean imperdiet. Etiam ultricies nisi vel augue. Curabitur ullamcorper ultricies nisi. Nam eget dui.\r\n\r\nEtiam rhoncus. Maecenas tempus, tellus eget condimentum rhoncus, sem quam semper libero, sit amet adipiscing sem neque sed ipsum. Nam quam nunc, blandit vel, luctus pulvinar, hendrerit id, lorem. Maecenas nec odio et ante tincidunt tempus. Donec vitae sapien ut libero venenatis faucibus. Nullam quis ante. Etiam sit amet orci eget eros faucibus tincidunt. Duis leo. Sed fringilla mauris sit amet nibh. Donec sodales sagittis magna. Sed consequat, leo eget bibendum sodales, augue velit cursus nunc, quis gravida magna mi a libero. Fusce vulputate eleifend sapien. Vestibulum purus quam, scelerisque ut, mollis sed, nonummy id, metus. Nullam accumsan lorem in dui. Cras ultricies mi eu turpis hendrerit fringilla. Vestibulum ante ipsum primis in faucibus orci luctus et ultrices posuere cubilia Curae; In ac dui quis mi', 1, '11', 'May', '../images/blogs/38581_1685978190_a1.jpg'),
(10, 'Food', 'Ultricies tristique nulla aliquet enim tortor', 'Platea dictumst quisque sagittis purus sit amet volutpat consequat. Enim sed faucibus turpis in eu mi bibendum neque. Velit egestas dui id ornare arcu odio ut. Ut consequat semper viverra nam libero justo laoreet sit amet', 'Lorem ipsum dolor sit amet, consectetur adipiscing elit, sed do eiusmod tempor incididunt ut labore et dolore magna aliqua. Posuere morbi leo urna molestie at elementum eu. In hac habitasse platea dictumst vestibulum rhoncus est pellentesque elit. Morbi tristique senectus et netus et. Id ornare arcu odio ut sem nulla pharetra diam. Etiam tempor orci eu lobortis elementum nibh tellus. In dictum non consectetur a erat nam at lectus urna. Platea dictumst quisque sagittis purus sit amet volutpat consequat. Enim sed faucibus turpis in eu mi bibendum neque. Velit egestas dui id ornare arcu odio ut. Ut consequat semper viverra nam libero justo laoreet sit amet. Adipiscing elit duis tristique sollicitudin nibh sit amet commodo nulla. Ultricies tristique nulla aliquet enim tortor at auctor. Varius quam quisque id diam vel quam elementum pulvinar. Eu scelerisque felis imperdiet proin fermentum leo vel orci porta. Faucibus vitae aliquet nec ullamcorper sit amet risus nullam eget. Proin libero nunc consequat interdum varius sit amet. Egestas fringilla phasellus faucibus scelerisque eleifend donec pretium vulputate. Sit amet purus gravida quis blandit turpis cursus.\r\n\r\nAliquet enim tortor at auctor. Ultrices sagittis orci a scelerisque purus semper eget duis. In ornare quam viverra orci sagittis eu volutpat odio facilisis. Eget magna fermentum iaculis eu. Cras tincidunt lobortis feugiat vivamus at augue eget arcu. Lobortis feugiat vivamus at augue. Quis auctor elit sed vulputate mi sit amet mauris. Scelerisque varius morbi enim nunc faucibus a pellentesque. Etiam non quam lacus suspendisse faucibus interdum posuere lorem. Orci a scelerisque purus semper eget duis. Lorem ipsum dolor sit amet consectetur adipiscing elit ut aliquam. Vestibulum mattis ullamcorper velit sed ullamcorper morbi tincidunt. Ut lectus arcu bibendum at varius vel pharetra. Elementum tempus egestas sed sed risus pretium quam vulputate. Tristique senectus et netus et malesuada fames ac turpis egestas. Sit amet mauris commodo quis imperdiet massa.', 2, '10', 'May', '../images/blogs/26692_1686022201_a2.jpg'),
(11, 'Food', 'Vel pharetra vel turpis nunc eget', 'Faucibus turpis in eu mi bibendum neque egestas. Leo urna molestie at elementum. Dolor morbi non arcu risus. Lectus quam id leo in vitae turpis massa sed. Lacus suspendisse faucibus interdum posuere lorem. Nulla facilisi nullam vehicula ipsum a arcu cursus. Iaculis eu non diam phasellus vestibulum lorem sed risus ultricies. Scelerisque purus semper eget duis at tellus at. Cras fermentum odio eu feugiat pretium. Ornare suspendisse sed nisi lacus sed viverra tellus', 'Lorem ipsum dolor sit amet, consectetur adipiscing elit, sed do eiusmod tempor incididunt ut labore et dolore magna aliqua. Leo integer malesuada nunc vel risus commodo viverra maecenas accumsan. Pretium vulputate sapien nec sagittis. Eget gravida cum sociis natoque penatibus et magnis dis parturient. Nunc sed blandit libero volutpat sed cras ornare arcu. Risus nec feugiat in fermentum. Amet purus gravida quis blandit turpis cursus in. Quis viverra nibh cras pulvinar mattis nunc sed blandit libero. Amet porttitor eget dolor morbi non arcu. Sit amet aliquam id diam maecenas ultricies mi eget. Facilisis gravida neque convallis a cras semper auctor neque.\r\n\r\nAdipiscing enim eu turpis egestas pretium aenean pharetra magna. Tincidunt augue interdum velit euismod in pellentesque massa placerat duis. Neque sodales ut etiam sit amet. Sit amet consectetur adipiscing elit ut. Amet consectetur adipiscing elit ut. Nisl pretium fusce id velit ut tortor pretium viverra suspendisse. Enim diam vulputate ut pharetra sit. In fermentum et sollicitudin ac orci phasellus egestas tellus rutrum. Vulputate ut pharetra sit amet. Amet mauris commodo quis imperdiet massa tincidunt nunc pulvinar sapien. Lorem donec massa sapien faucibus et molestie. Vel elit scelerisque mauris pellentesque pulvinar pellentesque habitant. Amet luctus venenatis lectus magna fringilla urna porttitor rhoncus. Vel pharetra vel turpis nunc eget.\r\n\r\nFaucibus turpis in eu mi bibendum neque egestas. Leo urna molestie at elementum. Dolor morbi non arcu risus. Lectus quam id leo in vitae turpis massa sed. Lacus suspendisse faucibus interdum posuere lorem. Nulla facilisi nullam vehicula ipsum a arcu cursus. Iaculis eu non diam phasellus vestibulum lorem sed risus ultricies. Scelerisque purus semper eget duis at tellus at. Cras fermentum odio eu feugiat pretium. Ornare suspendisse sed nisi lacus sed viverra tellus. Odio morbi quis commodo odio aenean sed adipiscing diam. Vel pretium lectus quam id leo in vitae. Ullamcorper eget nulla facilisi etiam dignissim diam quis enim lobortis. Dictum non consectetur a erat nam at lectus urna. Faucibus scelerisque eleifend donec pretium. Quam vulputate dignissim suspendisse in. Commodo ullamcorper a lacus vestibulum sed arcu non odio euismod. Eros in cursus turpis massa tincidunt. Congue eu consequat ac felis donec et odio pellentesque diam.', 3, '9', 'May', '../images/blogs/39839_1686022339_b1.jpg'),
(12, 'Food', 'Diam volutpat commodo sed egestas egestas', 'Diam volutpat commodo sed egestas egestas. Quis commodo odio aenean sed adipiscing diam donec adipiscing tristique. Consequat mauris nunc congue nisi vitae suscipit. Ultrices vitae auctor eu augue ut lectus arcu bibendum at. Volutpat odio facilisis mauris sit amet massa vitae tortor.', 'Lorem ipsum dolor sit amet, consectetur adipiscing elit, sed do eiusmod tempor incididunt ut labore et dolore magna aliqua. Sagittis purus sit amet volutpat consequat mauris nunc congue. Dui faucibus in ornare quam viverra orci sagittis eu. Viverra mauris in aliquam sem fringilla. In cursus turpis massa tincidunt dui ut ornare lectus. Tincidunt vitae semper quis lectus nulla at volutpat diam. Sagittis id consectetur purus ut faucibus pulvinar elementum integer enim. Curabitur gravida arcu ac tortor dignissim convallis aenean et tortor. Mattis molestie a iaculis at erat. Quis vel eros donec ac. Massa tempor nec feugiat nisl. Amet nulla facilisi morbi tempus iaculis. Sapien et ligula ullamcorper malesuada proin libero nunc. Nisi quis eleifend quam adipiscing vitae proin sagittis nisl. Et pharetra pharetra massa massa ultricies mi. Non odio euismod lacinia at quis. Est ultricies integer quis auctor elit sed.\r\n\r\nLacus vel facilisis volutpat est velit egestas dui id. Sit amet consectetur adipiscing elit. A diam sollicitudin tempor id. Elementum nisi quis eleifend quam adipiscing vitae proin sagittis nisl. Habitasse platea dictumst quisque sagittis purus. Felis eget velit aliquet sagittis. Libero justo laoreet sit amet cursus sit amet. Lacus laoreet non curabitur gravida arcu ac. Egestas erat imperdiet sed euismod nisi porta lorem mollis aliquam. Diam volutpat commodo sed egestas egestas. Quis commodo odio aenean sed adipiscing diam donec adipiscing tristique. Consequat mauris nunc congue nisi vitae suscipit. Ultrices vitae auctor eu augue ut lectus arcu bibendum at. Volutpat odio facilisis mauris sit amet massa vitae tortor. Neque egestas congue quisque egestas diam in.', 1, '7', 'May', '../images/blogs/28849_1686022552_b2.jpg'),
(13, 'Food', 'Tincidunt praesent semper feugiat nibh sed pulvinar proin', 'Viverra suspendisse potenti nullam ac tortor vitae purus faucibus. Elit at imperdiet dui accumsan sit amet. Fringilla phasellus faucibus scelerisque eleifend donec. Posuere morbi leo urna molestie. Venenatis a condimentum vitae sapien. Interdum consectetur libero id faucibus.', 'Lorem ipsum dolor sit amet, consectetur adipiscing elit, sed do eiusmod tempor incididunt ut labore et dolore magna aliqua. Ornare arcu dui vivamus arcu felis bibendum. Vitae tempus quam pellentesque nec. Non arcu risus quis varius quam quisque id. Sit amet dictum sit amet justo donec. Venenatis urna cursus eget nunc scelerisque. Quis auctor elit sed vulputate mi sit amet mauris. Purus ut faucibus pulvinar elementum integer. Tortor posuere ac ut consequat semper viverra nam libero. Eu non diam phasellus vestibulum. In cursus turpis massa tincidunt dui ut ornare lectus. Tincidunt praesent semper feugiat nibh sed pulvinar proin. Ipsum a arcu cursus vitae congue mauris. In nibh mauris cursus mattis molestie. Enim diam vulputate ut pharetra sit amet aliquam id diam. Ut etiam sit amet nisl purus in mollis nunc sed. Lacus vel facilisis volutpat est velit egestas dui id. Risus viverra adipiscing at in tellus integer feugiat. Quis vel eros donec ac odio tempor.\r\n\r\nViverra suspendisse potenti nullam ac tortor vitae purus faucibus. Elit at imperdiet dui accumsan sit amet. Fringilla phasellus faucibus scelerisque eleifend donec. Posuere morbi leo urna molestie. Venenatis a condimentum vitae sapien. Interdum consectetur libero id faucibus. Eu ultrices vitae auctor eu augue. Posuere morbi leo urna molestie at elementum eu facilisis. Nulla facilisi morbi tempus iaculis urna id. At volutpat diam ut venenatis tellus in metus vulputate. Faucibus turpis in eu mi bibendum neque egestas congue quisque. Ornare arcu odio ut sem nulla pharetra diam sit amet.', 2, '6', 'May', '../images/blogs/95747_1686022642_c1.jpg'),
(14, 'Food', 'Commodo sed egestas egestas fringilla phasellus faucibus', 'Urna molestie at elementum eu facilisis. Blandit massa enim nec dui nunc mattis enim. Interdum velit laoreet id donec. Dictum fusce ut placerat orci nulla pellentesque dignissim. Et tortor at risus viverra adipiscing at in.', 'Lorem ipsum dolor sit amet, consectetur adipiscing elit, sed do eiusmod tempor incididunt ut labore et dolore magna aliqua. Fringilla ut morbi tincidunt augue interdum velit. Facilisi etiam dignissim diam quis enim lobortis scelerisque fermentum. Dui accumsan sit amet nulla facilisi morbi. Ac turpis egestas sed tempus urna et pharetra pharetra massa. Risus feugiat in ante metus dictum at tempor commodo ullamcorper. Elit scelerisque mauris pellentesque pulvinar pellentesque habitant morbi. Id neque aliquam vestibulum morbi blandit. Turpis egestas sed tempus urna et pharetra. Aenean vel elit scelerisque mauris pellentesque pulvinar pellentesque habitant. Volutpat commodo sed egestas egestas. Commodo quis imperdiet massa tincidunt nunc. Lacinia at quis risus sed vulputate odio ut enim. In egestas erat imperdiet sed.\r\n\r\nOrci dapibus ultrices in iaculis nunc. Cursus in hac habitasse platea. In hac habitasse platea dictumst vestibulum rhoncus est pellentesque elit. Laoreet suspendisse interdum consectetur libero. Eu sem integer vitae justo eget magna fermentum iaculis. Porta nibh venenatis cras sed felis eget. Turpis tincidunt id aliquet risus feugiat in ante. Rutrum quisque non tellus orci ac auctor augue mauris. Sit amet aliquam id diam maecenas ultricies. Facilisis magna etiam tempor orci eu lobortis. Mauris cursus mattis molestie a iaculis at erat. Non pulvinar neque laoreet suspendisse interdum. Aliquam faucibus purus in massa tempor nec. Id porta nibh venenatis cras sed felis eget velit. Id consectetur purus ut faucibus. Nisl nisi scelerisque eu ultrices vitae auctor eu augue. Facilisis volutpat est velit egestas.\r\n\r\nSollicitudin nibh sit amet commodo nulla facilisi nullam vehicula ipsum. Vel elit scelerisque mauris pellentesque. Commodo quis imperdiet massa tincidunt nunc pulvinar. Est velit egestas dui id ornare arcu odio ut sem. Felis eget velit aliquet sagittis. Urna molestie at elementum eu facilisis. Blandit massa enim nec dui nunc mattis enim. Interdum velit laoreet id donec. Dictum fusce ut placerat orci nulla pellentesque dignissim. Et tortor at risus viverra adipiscing at in. Phasellus vestibulum lorem sed risus ultricies tristique nulla aliquet enim. Nisl rhoncus mattis rhoncus urna neque viverra justo nec. Vestibulum mattis ullamcorper velit sed. Magna fermentum iaculis eu non diam phasellus vestibulum. Semper quis lectus nulla at volutpat diam ut venenatis tellus. Neque ornare aenean euismod elementum nisi quis eleifend. Commodo sed egestas egestas fringilla phasellus faucibus.', 2, '5', 'May', '../images/blogs/34398_1686022765_d1.jpg'),
(15, 'Food', 'Vel risus commodo viverra maecenas', 'Posuere sollicitudin aliquam ultrices sagittis. Malesuada bibendum arcu vitae elementum. Commodo viverra maecenas accumsan lacus vel. Id diam maecenas ultricies mi. Vitae purus faucibus ornare suspendisse sed nisi. Etiam erat velit scelerisque in.', 'Lorem ipsum dolor sit amet, consectetur adipiscing elit, sed do eiusmod tempor incididunt ut labore et dolore magna aliqua. Nibh ipsum consequat nisl vel. In nisl nisi scelerisque eu ultrices vitae auctor eu. Mattis aliquam faucibus purus in massa. Lorem ipsum dolor sit amet consectetur adipiscing elit. Posuere sollicitudin aliquam ultrices sagittis. Malesuada bibendum arcu vitae elementum. Commodo viverra maecenas accumsan lacus vel. Id diam maecenas ultricies mi. Vitae purus faucibus ornare suspendisse sed nisi. Etiam erat velit scelerisque in.\r\n\r\nId diam vel quam elementum pulvinar etiam non quam lacus. Fringilla phasellus faucibus scelerisque eleifend donec pretium vulputate. Vehicula ipsum a arcu cursus vitae. Non sodales neque sodales ut etiam sit amet nisl. Vel risus commodo viverra maecenas. Adipiscing diam donec adipiscing tristique risus. Tristique magna sit amet purus gravida quis blandit turpis cursus. In metus vulputate eu scelerisque felis imperdiet proin fermentum. Elit sed vulputate mi sit. Lobortis feugiat vivamus at augue eget arcu dictum varius duis. Magna fermentum iaculis eu non diam phasellus vestibulum lorem. Tempus imperdiet nulla malesuada pellentesque.', 2, '3', 'May', '../images/blogs/33489_1686022853_d2.jpg');

-- --------------------------------------------------------

--
-- Table structure for table `users`
--

CREATE TABLE `users` (
  `id` int(11) NOT NULL,
  `first_name` varchar(255) NOT NULL,
  `last_name` varchar(255) NOT NULL,
  `login` varchar(255) NOT NULL,
  `email` varchar(255) NOT NULL,
  `password` varchar(255) NOT NULL,
  `avatar` text NOT NULL
) ENGINE=InnoDB DEFAULT CHARSET=utf8mb4 COLLATE=utf8mb4_general_ci;

--
-- Dumping data for table `users`
--

INSERT INTO `users` (`id`, `first_name`, `last_name`, `login`, `email`, `password`, `avatar`) VALUES
(2, 'Uncle', 'Ben', 'inanova_irina', 'inanova_irina@test.ru', 'sdfdsdfgsd566', '../images/users/14245_1686057969_346848_1686051659_429938_1686051425_222.jpg'),
(5, 'Natalia', 'Ivanova', 'serg', 'serg@serg', 'wewe333', '../images/users/41786_1686039016_41786_1685625391_bruce-mars-FWVMhUa_wbY-unsplash.jpg'),
(6, 'Ivan', 'Ivanov', 'serg@serg.ru', 'serg@serg.ru', '123456789', '../images/users/96730_1686051303_01.jpg'),
(7, 'Svetlana', 'Petrova', 'svetlana111', 'svetlana111@test', 'sdsdsdasd', '../images/users/22221_1686051504_03.jpeg'),
(8, 'John', 'Silver', 'john.silver', 'john@silver.prt', 'ABCabc123!@#', '../images/users/36716_1686038476_02.jpg'),
(9, 'Mr.', 'Bonza', 'john@silver.prt', 'john@silver.prt', 'ABCabc123!@#', '../images/users/17950_1686041346__555photo_2023-01-18_15-26-58_edited.jpg'),
(10, 'Sneaky', 'Bastard', 'john@silver.prt', 'john@silver.prt', 'ABCabc123!@#', '../images/users/80716_1686051249_02.jpg'),
(11, 'Too', 'Much', 'john@silver.prt', 'john@silver.prt', 'ABCabc123!@#', '../images/users/40962_1686058250_avatars-000051378759-erboa5-t500x500.jpg');

--
-- Indexes for dumped tables
--

--
-- Indexes for table `blogers`
--
ALTER TABLE `blogers`
  ADD KEY `id` (`id`);

--
-- Indexes for table `blogs`
--
ALTER TABLE `blogs`
  ADD KEY `author_id` (`author_id`);

--
-- Indexes for table `foodblogs`
--
ALTER TABLE `foodblogs`
  ADD PRIMARY KEY (`id`),
  ADD KEY `authorid` (`authorid`);

--
-- Indexes for table `users`
--
ALTER TABLE `users`
  ADD PRIMARY KEY (`id`);

--
-- AUTO_INCREMENT for dumped tables
--

--
-- AUTO_INCREMENT for table `foodblogs`
--
ALTER TABLE `foodblogs`
  MODIFY `id` int(11) NOT NULL AUTO_INCREMENT, AUTO_INCREMENT=16;

--
-- AUTO_INCREMENT for table `users`
--
ALTER TABLE `users`
  MODIFY `id` int(11) NOT NULL AUTO_INCREMENT, AUTO_INCREMENT=12;

--
-- Constraints for dumped tables
--

--
-- Constraints for table `blogers`
--
ALTER TABLE `blogers`
  ADD CONSTRAINT `blogers_ibfk_1` FOREIGN KEY (`id`) REFERENCES `blogs` (`author_id`);

--
-- Constraints for table `blogs`
--
ALTER TABLE `blogs`
  ADD CONSTRAINT `blogs_ibfk_1` FOREIGN KEY (`author_id`) REFERENCES `blogers` (`id`);

--
-- Constraints for table `foodblogs`
--
ALTER TABLE `foodblogs`
  ADD CONSTRAINT `foodblogs_ibfk_1` FOREIGN KEY (`authorid`) REFERENCES `blogers` (`id`);
COMMIT;

/*!40101 SET CHARACTER_SET_CLIENT=@OLD_CHARACTER_SET_CLIENT */;
/*!40101 SET CHARACTER_SET_RESULTS=@OLD_CHARACTER_SET_RESULTS */;
/*!40101 SET COLLATION_CONNECTION=@OLD_COLLATION_CONNECTION */;
